0,Roy Braun,4You,male,21
1,Joseph Holsten,4You,male,37
2,Wilma Mcinnis,4You,female,48
3,Paula Daniel,4You,female,23
4,Patricia Carson,4You,female,44
5,Trina Thomas,4You,,47
6,Jesse Decelle,4You,male,46
7,Gregoria Gil,4You,female,21
8,Jack Sabo,4You,,41
9,Debbie Helms,4You,,35
10,Melvin Lovejoy,4You,male,36
11,Virginia Roberts,4You,female,61
12,David Thomas,4You,male,53
13,Irene Tucker,4You,,36
14,John Cody,4You,male,37
15,Janice Cudney,4You,female,56
16,Shane Hubner,4You,female,47
17,Victor Tribbett,4You,,25
18,Tanya Orourke,4You,,65
19,John Bennett,4You,male,22
20,Sally Roberts,4You,female,65
21,Julia Meinhart,4You,female,56
22,Michele Ashford,4You,female,51
23,Leslie Sandoval,4You,male,35
24,Calvin Cuellar,4You,male,60
25,Elizabeth Smith,4You,female,64
26,Yolanda Connolly,4You,female,49
27,Sean Pearson,4You,male,62
28,April Miller,4You,female,46
29,Lisa Natera,4You,female,35
30,Alberta Bornhorst,4You,female,59
31,Christopher Elliott,4You,,40
32,Wesley Locker,4You,male,44
33,Ida Turzak,4You,female,56
34,Anita Petersen,4You,female,21
35,Helen Selby,4You,,34
36,Anna Rodriguez,4You,,56
37,Denise Newton,4You,,27
38,Nancy Dowdy,4You,female,47
39,Billie Dwight,4You,female,48
40,Carlos Campbell,4You,,42
41,Sandra Bissonnette,4You,female,62
42,Robert Collins,4You,male,61
43,Louise James,4You,female,24
44,David Brisco,4You,male,21
45,Margaret Paul,4You,female,54
46,Bobby Garcia,4You,male,42
47,Kevin Lindholm,4You,male,28
48,Clyde Ruiz,4You,male,46
49,Charles Wilenkin,4You,male,55
50,Monique Williams,4You,female,56
51,Jenell Torbus,4You,female,39
52,Joyce Jacobsen,4You,female,55
53,Carol Dixon,4You,female,23
54,Dorothea Delaney,4You,female,21
55,Ivory Shiner,4You,,38
56,Lindsey Pille,4You,,39
57,Dorothy Dyson,4You,female,32
58,Ernie Walker,4You,male,37
59,Katherine Martinez,4You,,29
60,Fred Moreta,4You,male,47
61,Susan Armstrong,4You,female,61
62,David Ray,4You,,32
63,Robert Bell,4You,male,22
64,Ann Moore,4You,female,41
65,Christina Law,4You,,51
66,Lona Paquette,4You,,52
67,Melissa Long,4You,female,41
68,Lori Friedman,4You,female,62
69,Patty Chestnut,4You,,22
70,Charles Lutz,4You,male,57
71,Walter Hendrickson,4You,,49
72,Pearlie Truong,4You,,22
73,Melissa Emch,4You,female,46
74,Janet Vaness,4You,,24
75,Robert Wilhite,4You,male,65
76,Dian Houde,4You,,65
77,Helen Gorman,4You,female,57
78,Craig Milstead,4You,,31
79,Margaret Bertholf,4You,female,65
80,Elissa Hubbard,4You,female,45
81,Angela Hill,4You,female,21
82,Matthew Middendorf,4You,male,60
83,Fay Hall,4You,,51
84,Josephine Miller,4You,,49
85,Peter Moon,4You,male,39
86,Audrey Atwood,4You,female,30
87,Marie Bowyer,4You,female,30
88,Gabriel Davis,4You,,21
89,Dixie Perez,4You,female,28
90,Juan Naone,4You,,39
91,Christopher Madden,4You,male,21
92,Donna Day,4You,female,43
93,Nancy Campbell,4You,,32
94,Cora Soron,4You,,47
95,Randall Wison,4You,,21
96,Mary Clarke,4You,female,40
97,Desmond Claxton,4You,,47
98,Marie Ruiz,4You,female,23
99,Louis Peck,4You,,41
100,Carla Puskar,4You,female,36
101,James Banks,4You,male,59
102,Henry Muhammad,4You,male,43
103,Judy Church,4You,female,39
104,Stephen Naylor,4You,male,32
105,Richard Haugen,4You,male,31
106,Tisha Eberly,4You,,27
107,Lisa Martin,4You,female,46
108,Becky Gonzalez,4You,female,58
109,Maria Averitt,4You,female,24
110,Frank Leung,4You,,54
111,Susan Streets,4You,female,63
112,Michael Benincase,4You,male,53
113,Richard Bouton,4You,,38
114,Wallace Tenney,4You,male,47
115,Mark Trogdon,4You,,48
116,Shawn Pennachio,4You,male,59
117,Maurice Creasey,4You,,38
118,Margaret Renfroe,4You,female,45
119,Justin Bedard,4You,male,38
120,Robert Cuomo,4You,,41
121,Kim Frederick,4You,male,54
122,Shannon Crosley,4You,,56
123,Ralph Alzugaray,4You,male,60
124,Rae Austin,4You,female,54
125,Marshall Knight,4You,male,61
126,Ernesto Naron,4You,,47
127,Juan Jaremka,4You,,47
128,Alexander Carter,4You,male,58
129,Angela Cooper,4You,female,50
130,Robin Greek,4You,female,65
131,Terry Conteras,4You,female,25
132,Mary Dortch,4You,,48
133,Ma New,4You,female,28
134,Anthony Mccaslin,4You,male,54
135,Jeanna Davis,4You,female,45
136,Sabrina Chance,4You,female,53
137,Brittany Brahler,4You,,60
138,Kathryn Otsuka,4You,female,27
139,David Huerta,4You,,31
140,Lillian Reyes,4You,female,65
141,Moises Gilliard,4You,,39
142,Richard Espericueta,4You,male,39
143,Lisa Fitch,4You,female,37
144,Samantha Link,4You,female,53
145,Sandra Cruson,4You,female,30
146,Ruben Flores,4You,male,65
147,Noah Pillar,4You,,55
148,Marty Ferguson,4You,male,57
149,Mary Harkness,4You,female,37
150,Catherine Michael,4You,,39
151,Edward Harris,4You,,40
152,Elisa Vizcarra,4You,female,42
153,Tona Buri,4You,female,65
154,Rex Velasquez,4You,male,46
155,Matthew Sullivan,4You,,26
156,Shannon Buitron,4You,female,53
157,Sarah Axelson,4You,,42
158,Benjamin Vanbuskirk,4You,male,52
159,Jack Harris,4You,male,26
160,Juan Stevenson,4You,,43
161,Abraham Smith,4You,male,62
162,Helen Jordan,4You,female,21
163,Derek Colburn,4You,male,59
164,Tyler Butler,4You,male,35
165,Christine Burlingham,4You,,62
166,Bonnie Romero,4You,,65
167,Robert Toney,4You,male,65
168,Lynn Quirk,4You,female,53
169,William Headley,4You,,55
170,Charlotte Adair,4You,,36
171,Wade Cobb,4You,male,49
172,Emery Bradford,4You,,44
173,Devin Shaver,4You,male,49
174,Christopher Brown,4You,,59
175,Doris Marsh,4You,female,48
176,Eva Grant,4You,female,32
177,Brent Jaynes,4You,male,55
178,Bobby Rutledge,4You,male,36
179,Ellen Brodowski,4You,female,55
180,William Prahm,4You,male,27
181,Harry Wong,4You,,23
182,Donald Anderson,4You,male,29
183,Dean Lindberg,4You,male,42
184,Ronald Giunta,4You,male,60
185,Robert Sherman,4You,male,54
186,Doris Quinones,4You,female,56
187,Merle Gravatt,4You,male,59
188,Donald Kingsley,4You,male,24
189,Nicholas Goodman,4You,male,31
190,Jack Neumann,4You,,60
191,Adan Duarte,4You,,35
192,Jordan Williams,4You,male,41
193,Jose Carr,4You,male,62
194,William Douthitt,4You,male,37
195,Richard Juarez,4You,male,39
196,Ora Nunez,4You,female,59
197,Roger Chavers,4You,male,23
198,Kathryn Fegley,4You,,41
199,Charlotte Kina,4You,,49
200,Teresa Banister,4You,,29
201,Emerson Martindale,4You,male,41
202,Christopher Schroeder,4You,male,34
203,Gary Lamb,4You,male,46
204,Eddie House,4You,,30
205,Kelley Bradford,4You,,24
206,Lisa Mottillo,4You,female,33
207,Mary Breton,4You,female,33
208,Gertrude Fowler,4You,female,37
209,Elvin Wilhoit,4You,male,51
210,Jerry Vance,4You,,55
211,Jessica Shepard,4You,female,57
212,David Donovan,4You,male,34
213,Paulette Olney,4You,female,44
214,Bernice Martinez,4You,female,62
215,James Stokes,4You,,30
216,Tina Higgins,4You,,32
217,Manuel Hanson,4You,,53
218,Marylee Hall,4You,female,60
219,Delia Romero,4You,,59
220,Jennifer Avalos,4You,,47
221,Ruth Nava,4You,female,58
222,Kimberly Plumber,4You,female,21
223,Georgina Trevino,4You,female,36
224,Lucille Merkle,4You,female,65
225,Carol Tinkham,4You,,35
226,Jennifer Ladner,4You,female,29
227,Sandra Young,4You,,44
228,Robert George,4You,male,29
229,Aaron Dunn,4You,,51
230,Patricia Pittman,4You,female,35
231,Ronnie Stauffer,4You,male,50
232,Linda Pelaez,4You,female,29
233,Anna Broyles,4You,female,63
234,Antonia Mcrae,4You,female,45
235,Bonnie Martinez,4You,female,49
236,James Brooks,4You,,46
237,Sylvia Etheridge,4You,female,47
238,Charles Baker,4You,male,38
239,Julie Berman,4You,female,51
240,Foster King,4You,,33
241,Sonia Malaspina,4You,female,63
242,Ray Johnson,4You,male,56
243,Jason Griess,4You,,45
244,Opal Valles,4You,female,45
245,Jacqueline Sabir,4You,female,40
246,Dorothy Richardson,4You,female,33
247,Judy Mcmann,4You,,25
248,Monica Chafin,4You,female,49
249,George Sapp,4You,male,26
250,Jeff Veno,4You,male,38
251,Tommy Burns,4You,male,25
252,Justin Lanosga,4You,,47
253,Barbara Knight,4You,female,41
254,Doris Weaver,4You,,44
255,Arthur Hoag,4You,male,31
256,Reuben Jones,4You,,51
257,Carolyn Miller,4You,female,39
258,Walter Letchworth,4You,male,35
259,Helen Walton,4You,,49
260,Veronica Rose,4You,,51
261,Betty Dietrick,4You,,50
262,Ramon Santistevan,4You,male,33
263,John Lewis,4You,,34
264,Prince Webster,4You,male,40
265,Patricia Ives,4You,female,30
266,Larry Decker,4You,male,45
267,Patricia Elwell,4You,female,40
268,Henry Warren,4You,,47
269,Sandra Banks,4You,,49
270,Dustin Owens,4You,male,51
271,Scott Schreyer,4You,male,63
272,Genevieve May,4You,female,56
273,John Evans,4You,male,52
274,Alejandro Perry,4You,male,61
275,Allen Strode,4You,,60
276,Angela Shelby,4You,,26
277,Fred Luescher,4You,,63
278,Willie Lopez,4You,male,36
279,Mildred Jackson,4You,female,49
280,Stephen Diaz,4You,male,26
281,Christopher Shultz,4You,,29
282,Shirley Griffin,4You,,36
283,Barbara Faust,4You,female,42
284,Adam Pittman,4You,male,32
285,Barbara Gannaway,4You,,33
286,Ellen Hanks,4You,female,43
287,Bradley Barone,4You,,39
288,Bryan Bowers,4You,,23
289,Ethel Duffy,4You,female,34
290,Kristina Miller,4You,,43
291,Larry Dupree,4You,male,36
292,Theodore Carter,4You,,36
293,Jeffrey Matthews,4You,,55
294,Dawn Harris,4You,female,22
295,Jenna Center,4You,female,60
296,James Fouche,4You,,28
297,Lawrence Deibert,4You,,49
298,Gary Schwab,4You,male,29
299,Robert Herrera,4You,,28
300,Misty Garcia,4You,,25
301,Tom Salazar,4You,,58
302,Anne Brown,4You,female,42
303,Richard Gomez,4You,male,56
304,James Lord,4You,male,32
305,Sarah Willis,4You,female,50
306,Darren Bennett,4You,,43
307,Robert Legros,4You,male,59
308,Doris Ramirez,4You,female,27
309,David Robinson,4You,male,33
310,Judy Atkins,4You,,32
311,Sandra Mitchell,4You,,30
312,Ulysses Barker,4You,male,40
313,Judith Pierce,4You,female,23
314,Matthew Johnson,4You,male,50
315,Alfred Atkinson,4You,,61
316,Charlotte Johnson,4You,female,64
317,Adam Groome,4You,male,54
318,Hazel Grove,4You,,50
319,Anthony Jarrett,4You,male,28
320,Reginald Doherty,4You,male,33
321,Jack Perry,4You,,57
322,Wallace Gallardo,4You,male,56
323,Jean Obrien,4You,female,53
324,Robert Schlipp,4You,,48
325,Christine Lowery,4You,,24
326,Marian Dunn,4You,female,63
327,Vanessa Nobles,4You,female,32
328,Tracy Mccracken,4You,female,53
329,Amanda Hanson,4You,female,46
330,Robert Smith,4You,,57
331,Edward Grayson,4You,male,41
332,John Garrison,4You,,38
333,Heike Wilson,4You,,30
334,Mitchell Goss,4You,male,45
335,Larry Tapia,4You,,34
336,Edith Franco,4You,female,22
337,Hans Bryan,4You,,37
338,Randy Sao,4You,male,65
339,Stephen Midgett,4You,male,33
340,Anthony Briney,4You,,25
341,Catherine Jenkins,4You,,31
342,Tina Tomasek,4You,female,22
343,Eric Fuller,4You,male,47
344,Gary Hanson,4You,male,33
345,Timothy Perez,4You,,46
346,Jeffrey Forester,4You,male,57
347,Keith Sherman,4You,male,35
348,Mathilde Boone,4You,female,52
349,Isabel Guthrie,4You,female,36
350,Sam Abernathy,4You,male,25
351,Sara Ferguson,4You,,32
352,Alicia Watts,4You,female,36
353,Ricky Baker,4You,male,57
354,Andy Skidmore,4You,,39
355,Debra Bailey,4You,female,61
356,Ralph Colunga,4You,,33
357,Kathryn Childress,4You,female,37
358,Rickey Orouke,4You,male,46
359,Virgil Hauck,4You,male,48
360,William Williams,4You,male,49
361,Curtis Sexton,4You,male,33
362,Kyle Young,4You,male,59
363,Abby Small,4You,female,25
364,Kristina Schuetz,4You,female,48
365,Eunice Burns,4You,female,24
366,Claude Johnston,4You,,65
367,Deborah Adams,4You,,28
368,Mark Nemec,4You,male,25
369,Bart Haverstock,4You,male,21
370,Susan Manzano,4You,,31
371,Jenine Hobson,4You,,65
372,Dolores Davis,4You,,32
373,Jame Carter,4You,female,65
374,Kristopher Runyon,4You,male,25
375,Jerome Sanchez,4You,,56
376,Dale Mazur,4You,male,47
377,Larry Faron,4You,male,24
378,Sarah Boock,4You,,30
379,Anthony Bethea,4You,,49
380,Rachael Moore,4You,,56
381,Victor Remington,4You,male,52
382,Arthur Mckinnis,4You,,25
383,Gabriel Mantini,4You,,39
384,Eulalia White,4You,female,45
386,Katlyn Hsiao,4You,female,44
387,Dorothy Barnes,4You,,21
388,Virgie Humphrys,4You,female,23
389,Mark Eisentrout,4You,,43
390,Ervin Janke,4You,,55
391,Philip Robertson,4You,male,49
392,Cameron Williams,4You,male,27
393,Kelly Subido,4You,female,23
394,Tom Floyd,4You,,48
395,Caroline Eaton,4You,female,49
396,Douglas Shields,4You,male,39
397,Robert Clark,4You,male,28
398,Christine Spillane,4You,female,29
399,Shirley Blacklock,4You,female,36
400,Cathy Childs,4You,female,52
401,Dave Morton,4You,,47
402,Philip Rose,4You,male,48
403,Oliver Williams,4You,,49
404,Ana Hudson,4You,,23
405,Linda Thompson,4You,,53
406,William Jemmott,4You,male,21
407,Fernande Conover,4You,female,25
408,Richard Anaya,4You,,59
409,Frank Strawn,4You,,32
410,Marilyn Wix,4You,,39
411,Debbie Green,4You,female,24
412,Teresa Sanchez,4You,,21
413,Clifford Fagen,4You,male,63
414,Tonya Rivera,4You,,62
415,Barbara Oliver,4You,,61
416,Mary Rivera,4You,female,37
417,Dana King,4You,,35
418,Frank Street,4You,,61
419,Tanya Donahue,4You,,36
420,April Williams,4You,female,46
421,Brenda Alvarado,4You,,45
422,Mary Ewers,4You,,29
423,Sandra Sawin,4You,female,21
424,Diana Mcelrath,4You,female,59
425,Dorothy Martin,4You,female,61
426,Amy Kun,4You,,65
427,Margaret Morley,4You,female,63
428,Marion Smith,4You,,42
429,Brian Zimmermann,4You,male,44
430,Sharyl Simmons,4You,female,36
431,Matilda Wright,4You,,44
432,Linda Speight,4You,female,52
433,Bradley Johnson,4You,,57
434,Johnny Odom,4You,male,29
435,Eric Barakat,4You,male,57
436,Linda Ellis,4You,,53
437,Diane Huff,4You,,60
438,Michael Stroik,4You,male,44
439,Cynthia Hall,4You,,21
440,Donald Stallworth,4You,,46
441,Robert Coronado,4You,male,32
442,Renee Brock,4You,female,24
443,Alberto Hamner,4You,male,24
444,Jodi Norton,4You,,37
445,Laura Burns,4You,female,23
446,Henry Burkhard,4You,male,46
447,Adam Hawkins,4You,,43
448,Marion Casey,4You,female,28
449,Valerie Gonzalez,4You,female,61
450,Monica Briggs,4You,,42
451,Derick Krausz,4You,male,46
452,Maynard Murray,4You,,33
453,Christopher Norman,Monsters CYA,,29
454,James Cox,Monsters CYA,,52
455,Dana Looney,Monsters CYA,female,56
456,Gertrude Rice,Monsters CYA,female,36
457,Leonel Richardson,Monsters CYA,male,49
458,Donald Jansen,Monsters CYA,male,22
459,Joseph Silva,Monsters CYA,male,50
460,William Washington,Monsters CYA,male,63
461,Ma Hall,Monsters CYA,female,63
462,David Leone,Monsters CYA,male,43
463,Robert White,Monsters CYA,,22
464,Zachary Richardson,Monsters CYA,male,60
465,Judith Brown,Monsters CYA,,34
466,Walter Ortiz,Monsters CYA,male,52
467,Justin Emmons,Monsters CYA,male,31
468,Robert Terrell,Monsters CYA,male,47
469,Dennis Phillips,Monsters CYA,,41
470,Ima Borne,Monsters CYA,female,23
471,Norma Brady,Monsters CYA,female,26
472,Helen Heavilin,Monsters CYA,female,28
473,Anita Smothers,Monsters CYA,female,48
474,Dorothy Sample,Monsters CYA,female,48
475,Cindy Sullivan,Monsters CYA,female,44
476,Major Girard,Monsters CYA,male,31
477,Kevin Boyd,Monsters CYA,,46
478,Jerry Pickle,Monsters CYA,,62
479,Earl Traina,Monsters CYA,,42
480,Donna Koonce,Monsters CYA,female,32
481,Lyman Huizar,Monsters CYA,,62
482,William Northey,Monsters CYA,male,31
483,Henry Browne,Monsters CYA,,58
484,Julie Bourgeois,Monsters CYA,female,44
485,Angelina Lane,Monsters CYA,,29
486,Katelyn Ogorman,Monsters CYA,,46
487,Nancy Doggett,Monsters CYA,,40
488,Sonja Bell,Monsters CYA,female,56
489,James Wareham,Monsters CYA,,57
490,Frank Lopez,Monsters CYA,,39
491,Lazaro Jordan,Monsters CYA,male,65
492,Scott Chavez,Monsters CYA,male,36
493,Artie Ladner,Monsters CYA,female,48
494,Steven Colon,Monsters CYA,male,31
495,Robert Carpenter,Monsters CYA,male,44
496,Charlotte Johnson,Monsters CYA,,51
497,Christopher Cooper,Monsters CYA,male,60
498,Melvin Wineland,Monsters CYA,male,64
499,Andrew Sperdute,Monsters CYA,male,62
500,Edward Zahner,Monsters CYA,male,42
501,Amy Ruff,Monsters CYA,female,21
502,Jason Bottone,Monsters CYA,,55
503,Mark Smith,Monsters CYA,male,30
504,Rafael Wood,Monsters CYA,,61
505,Arthur Acevedo,Monsters CYA,male,24
506,David Grady,Monsters CYA,male,61
507,Thomas Coleman,Monsters CYA,male,57
508,Gwen Payne,Monsters CYA,female,64
509,Brian Thompson,Monsters CYA,,21
510,Traci Shelton,Monsters CYA,,41
511,Wilma Prescott,Monsters CYA,female,32
512,Juanita Baker,Monsters CYA,female,52
513,Kia Rodriguez,Monsters CYA,female,64
514,Myesha Taranto,Monsters CYA,female,41
515,Anna Edgar,Monsters CYA,,24
516,Julie Hamson,Monsters CYA,female,47
517,Linda Gordan,Monsters CYA,,30
518,James White,Monsters CYA,male,25
519,Alan Ferebee,Monsters CYA,male,32
520,Bobby Alex,Monsters CYA,male,30
521,Alicia Cedar,Monsters CYA,female,29
522,Wilfred Briggs,Monsters CYA,male,55
523,Timmy Lemons,Monsters CYA,,34
524,Linda Parks,Monsters CYA,female,50
525,Cynthia Luzar,Monsters CYA,,32
526,Joy Sibley,Monsters CYA,,62
527,Elma Gonzales,Monsters CYA,female,40
528,Frances Kendall,Monsters CYA,female,34
529,Gary Pietrafesa,Monsters CYA,male,34
530,Tanya Mcmillan,Monsters CYA,,32
531,Tammy Lechuga,Monsters CYA,,51
532,Florence Wilson,Monsters CYA,female,42
533,Nicholas Fast,Monsters CYA,,55
534,James Perez,Monsters CYA,male,21
535,Joann Mccrossen,Monsters CYA,female,28
536,Alice Mora,Monsters CYA,,38
537,Robert Villalvazo,Monsters CYA,,35
538,Marlene Worrell,Monsters CYA,female,55
539,Horace Skillman,Monsters CYA,,64
540,Yvonne Ridgeway,Monsters CYA,,30
541,Carolyn Watt,Monsters CYA,,52
542,Dorothy Carter,Monsters CYA,,64
543,Bianca Fitz,Monsters CYA,female,51
544,John Micciche,Monsters CYA,,64
545,Kenneth Jump,Monsters CYA,male,46
546,Abdul Vogus,Monsters CYA,male,46
547,Paul Torres,Monsters CYA,,60
548,Frances Vidal,Monsters CYA,female,29
549,Margaret Orellana,Monsters CYA,female,24
550,Luz Gilliland,Monsters CYA,,22
551,Juanita Carter,Monsters CYA,,52
552,Kevin Paul,Monsters CYA,,45
553,Diego Boday,Monsters CYA,male,50
554,Georgia King,Monsters CYA,female,27
555,Yolanda Edwards,Monsters CYA,female,34
556,Jonathan Dickens,Monsters CYA,male,48
557,Phillip King,Monsters CYA,,39
558,Peter Palmer,Monsters CYA,,54
559,Betty Ollie,Monsters CYA,female,64
560,Pedro Lewis,Monsters CYA,male,32
561,Minnie Lesane,Monsters CYA,female,30
562,Clifford Forrest,Monsters CYA,,54
563,Ashley Hernandez,Monsters CYA,,61
564,Eugene Tiemann,Monsters CYA,,41
565,Emma Ashbrook,Monsters CYA,,53
566,Elma Depaz,Monsters CYA,female,29
567,Darlene Blosser,Monsters CYA,female,53
568,Lazaro Mendoza,Monsters CYA,,41
569,Timothy Grady,Monsters CYA,male,28
570,Cathy Hinds,Monsters CYA,,34
571,Nathan Ponder,Monsters CYA,male,43
572,Robert Carrell,Monsters CYA,male,64
573,Andrew Anderson,Monsters CYA,,33
574,Della Gomez,Monsters CYA,,52
575,Lucy Pagel,Monsters CYA,female,42
576,Chad Langevin,Monsters CYA,male,22
577,Paul Emery,Monsters CYA,,63
578,Naomi Bartz,Monsters CYA,female,22
579,Ruby Lewis,Monsters CYA,female,31
580,Javier Anthony,Monsters CYA,male,24
581,Jennie Klein,Monsters CYA,female,35
582,Irene Land,Monsters CYA,female,62
583,Edmund Graham,Monsters CYA,,63
584,Michael Jenkins,Monsters CYA,male,37
585,Clara Taylor,Monsters CYA,female,63
586,Gregory Thiboutot,Monsters CYA,male,39
587,David Edelson,Monsters CYA,male,34
588,Mary Parnell,Monsters CYA,,53
589,Sherry Daigle,Monsters CYA,,46
590,Jennifer Cargo,Monsters CYA,female,22
591,Veronica Salgado,Monsters CYA,female,65
592,Charles Horsley,Monsters CYA,,38
593,Matthew Kellogg,Monsters CYA,male,38
594,Jason Woods,Monsters CYA,male,30
595,Maureen Burns,Monsters CYA,female,34
596,Dolores Huffman,Monsters CYA,female,55
597,Raymond Varner,Monsters CYA,male,36
598,Amy Baumann,Monsters CYA,female,57
599,Leroy Harris,Monsters CYA,male,47
600,Laurie Hubbard,Monsters CYA,,38
601,Seth Mcclellan,Monsters CYA,male,32
602,Renita Smith,Monsters CYA,female,50
603,Marlene Shumpert,Monsters CYA,,42
604,Tiffany Thomas,Monsters CYA,,53
605,Robert Santos,Monsters CYA,male,36
606,David Evans,Monsters CYA,male,54
607,Laurie Fine,Monsters CYA,female,65
608,Thelma Dillinger,Monsters CYA,,61
609,Kerri Jones,Monsters CYA,female,57
610,Rena Roberts,Monsters CYA,,29
611,Heather Chambers,Monsters CYA,female,47
612,Myra Rivera,Monsters CYA,female,57
613,Isiah Enriquez,Monsters CYA,male,53
614,Anna Zurita,Monsters CYA,female,41
615,Stanley Norris,Monsters CYA,male,64
616,Jessica Kinsey,Monsters CYA,female,40
617,William Miller,Monsters CYA,male,57
618,Juanita Deno,Monsters CYA,female,58
619,Clifton Parsons,Monsters CYA,male,45
620,Elizabeth Cohen,Monsters CYA,,25
621,Kenneth Vue,Monsters CYA,male,55
622,Daniel Bollman,Monsters CYA,male,38
623,Sumiko Boone,Monsters CYA,,61
624,Tracy Brown,Monsters CYA,female,44
625,Elizabeth Srinvasan,Monsters CYA,female,61
626,Lora Jarman,Monsters CYA,female,22
627,Michael Sigmon,Monsters CYA,male,47
628,Anthony Watson,Monsters CYA,male,53
629,William Robinson,Monsters CYA,,26
630,Mary Depalma,Monsters CYA,female,47
631,Zachary Steward,Monsters CYA,,43
632,Celina Fish,Monsters CYA,,59
633,Lori Mcknight,Monsters CYA,female,44
634,Frank Papa,Monsters CYA,male,33
635,Kimberly Barclay,Monsters CYA,female,48
636,Joe Kelly,Monsters CYA,,44
637,Robert Pratt,Monsters CYA,male,28
638,Margo Sullivan,Monsters CYA,,63
639,Edna Boyette,Monsters CYA,female,43
640,Thomas Lockman,Monsters CYA,,26
641,Ashley Servais,Monsters CYA,female,26
642,Gary Kearney,Monsters CYA,male,55
643,David Lucas,Monsters CYA,male,50
644,Rita Field,Monsters CYA,female,49
645,Michele Alton,Monsters CYA,,64
646,Andra Parker,Monsters CYA,,33
647,Edna Ortiz,Monsters CYA,,26
648,Ethel Dalton,Wonka Company,female,31
649,Christina Pedersen,Wonka Company,,35
650,Barbara Evers,Wonka Company,,64
651,Brett Ahart,Wonka Company,male,34
652,Alice Berger,Wonka Company,,26
653,Gina Dieteman,Wonka Company,,21
654,Andrew Ramos,Wonka Company,,59
655,Aaron Feliciano,Wonka Company,male,60
656,Kenneth Quick,Wonka Company,male,33
657,Leta Garber,Wonka Company,female,45
658,Bryce Gearing,Wonka Company,male,22
659,Juan Kloke,Wonka Company,male,57
660,Harlan Hudson,Wonka Company,,28
661,David Michl,Wonka Company,male,30
662,Everett Schlesener,Wonka Company,male,57
663,Michelle Richey,Wonka Company,female,49
664,Janet Romero,Wonka Company,female,28
665,Marvin Archer,Wonka Company,,61
666,Ronald Barrett,Wonka Company,male,22
667,Clayton Cline,Wonka Company,male,39
668,Carmen Politi,Wonka Company,,48
669,Shari Reynolds,Wonka Company,female,54
671,Pedro Woodbury,Wonka Company,male,65
672,Patricia Mcdonald,Wonka Company,female,45
673,Jennifer Robles,Wonka Company,,41
674,Jacqueline Thornton,Wonka Company,,64
675,Carol Cobb,Wonka Company,female,39
676,Mary Burkett,Wonka Company,female,22
677,Bernard Park,Wonka Company,male,48
678,Ted Gowins,Wonka Company,,32
679,Tim Ransom,Wonka Company,male,47
680,Bret Dowell,Wonka Company,,52
681,Myrtle Churchill,Wonka Company,female,51
682,Margaret Stewart,Wonka Company,,56
683,Loma Walker,Wonka Company,female,25
684,Robert Mitchell,Wonka Company,male,49
685,Michael Shields,Wonka Company,male,33
686,Joyce Seifert,Wonka Company,female,56
687,Lora Perez,Wonka Company,female,23
688,John Orr,Wonka Company,male,27
689,William Caravella,Wonka Company,,50
690,William Glancy,Wonka Company,male,64
691,Rhonda Hauck,Wonka Company,female,25
692,Mike Grimmett,Wonka Company,male,50
693,Pauline Huff,Wonka Company,female,59
694,Jolene Ser,Wonka Company,,22
695,Clement Johnson,Wonka Company,male,59
696,Michael Nutt,Wonka Company,male,21
697,Donald Clairmont,Wonka Company,male,62
698,Susan Anderson,Wonka Company,female,51
699,Kevin Lamb,Wonka Company,male,43
700,John Mcvey,Wonka Company,male,28
701,Evelyn Murawski,Wonka Company,female,41
702,Joseph Clymer,Wonka Company,male,38
703,Lori Kelly,Wonka Company,,26
704,Kevin Chiang,Wonka Company,male,52
705,Shirley Smith,Wonka Company,female,32
706,Portia Applebaum,Wonka Company,,64
707,Arthur Hendrix,Wonka Company,male,37
708,Gary Heard,Wonka Company,male,53
709,Rosemarie Bryan,Wonka Company,,52
710,Cynthia Mekee,Wonka Company,female,31
711,Esther Odonnell,Wonka Company,female,32
712,Kristin Davis,Wonka Company,female,45
713,Harvey Craig,Wonka Company,male,42
714,Amanda Linsky,Wonka Company,,40
715,Martha Smith,Wonka Company,female,27
716,Charles Mullins,Wonka Company,male,46
717,Mary Kelly,Wonka Company,female,41
718,Brooke Gilbert,Wonka Company,female,57
719,Cory Ruiz,Wonka Company,male,64
720,Tina Heath,Wonka Company,,29
721,Gregory Huntington,Wonka Company,male,41
722,Joan Bottoni,Wonka Company,,34
723,Charles Morgan,Wonka Company,male,34
724,Elizabeth Gastelum,Wonka Company,female,34
725,David Wright,Wonka Company,,21
726,David Bowers,Wonka Company,male,34
727,Jeffrey Collazo,Wonka Company,male,25
728,Rebecca Kim,Wonka Company,,40
729,Hattie Martin,Wonka Company,female,55
730,Lori Gonzalez,Wonka Company,female,32
731,Linda Goodson,Wonka Company,female,51
732,Vickie Nave,Wonka Company,female,42
733,Jesus Victor,Wonka Company,,30
734,Ronald Pierson,Wonka Company,male,34
735,William Mckay,Wonka Company,male,36
736,Shawn Hacker,Wonka Company,female,57
737,Paula Fleming,Wonka Company,,32
738,Luciano Harris,Wonka Company,male,58
739,Adrianne Pierre,Wonka Company,female,53
740,Milton Stanley,Wonka Company,male,50
741,Brian Trujillo,Wonka Company,,65
742,Anna Willis,Wonka Company,female,22
743,Mckenzie Dougherty,Wonka Company,female,60
744,Carmen Delisi,Wonka Company,male,26
745,Elizabeth Hewitt,Wonka Company,female,53
746,Maurice Miles,Wonka Company,,34
747,Ruth Bennett,Wonka Company,female,51
748,Bradley Rhodes,Wonka Company,male,47
749,Ernest Reyes,Wonka Company,male,55
750,Kathleen Tsang,Wonka Company,female,41
751,Nancy Moradian,Wonka Company,,55
752,James Pizarro,Wonka Company,male,64
753,Eric Capps,Wonka Company,male,51
754,Barry Smithers,Wonka Company,male,49
755,Kelly Lafave,Wonka Company,,58
756,Connie Stokes,Wonka Company,female,27
757,Muriel Booth,Wonka Company,female,38
758,William Garcia,Wonka Company,male,64
759,Robert Schrader,Wonka Company,male,27
760,Andrew Stoddard,Wonka Company,male,44
761,Ralph Paquin,Wonka Company,male,31
762,Viola Munoz,Wonka Company,female,35
763,Kenneth Farnsworth,Wonka Company,,33
764,Jacqueline Pratt,Wonka Company,,54
765,Nancy Fanno,Wonka Company,female,40
766,Anthony Young,Wonka Company,male,30
767,Keely Rice,Wonka Company,female,25
768,Antonio Sanchez,Wonka Company,,64
769,Susan Lacy,Wonka Company,female,50
770,Bobbie Murray,Wonka Company,female,51
771,Leslie Viviani,Wonka Company,,53
772,Tracy Anderson,Wonka Company,,41
773,Edna Clyne,Wonka Company,female,56
774,Micheal Blakely,Wonka Company,male,43
775,Frances Bass,Wonka Company,female,27
776,Sharon Fontenot,Wonka Company,female,48
777,Peter Arias,Wonka Company,,42
778,Angela Davis,Wonka Company,,42
779,Matthew Freeman,Wonka Company,,45
780,Ashley Moon,Wonka Company,female,40
781,James Sanchez,Wonka Company,male,30
782,Carolyn Nielsen,Wonka Company,,63
783,Kelly Ross,Wonka Company,,44
784,William Biffle,Wonka Company,,40
785,James Wells,Wonka Company,male,24
786,Krista Vandyke,Wonka Company,female,29
787,Jessie Tu,Wonka Company,female,43
788,David Young,Wonka Company,,47
789,Katharine Perry,Wonka Company,female,54
790,Leopoldo Ensign,Wonka Company,,52
791,Donald Hysmith,Wonka Company,male,50
792,Brent Williams,Wonka Company,male,44
793,Regina Garza,Wonka Company,female,29
794,Beatrice Curtis,Wonka Company,female,31
795,Eric Ison,Wonka Company,male,52
796,Nereida Legrand,Wonka Company,,63
797,Andre Harris,Wonka Company,male,22
798,John Byrne,Wonka Company,male,64
799,Edwina Zamora,Wonka Company,female,56
800,Linda Hixon,Wonka Company,female,42
801,Ronald Foley,Wonka Company,male,63
802,Amanda Mcinnis,Wonka Company,,63
803,Charlotte Foster,Wonka Company,female,40
804,Jarrod Woodard,Wonka Company,,35
805,Chadwick Goodwin,Wonka Company,,28
806,Amy Coppage,Wonka Company,female,52
807,John Isaksen,Wonka Company,male,23
808,Judy Williams,Wonka Company,female,27
809,Davina Tyler,Wonka Company,female,22
810,Louise Hoffman,Wonka Company,female,58
811,Therese Behne,Wonka Company,female,59
812,Allan Mclaughlin,Wonka Company,male,46
813,Shani Stutz,Wonka Company,female,64
814,Martha Powell,Wonka Company,female,46
815,Monica Mcintyre,Wonka Company,female,45
816,Angela Bowman,Wonka Company,,46
817,Charlotte Mcneal,Wonka Company,female,44
818,Ralph Macdonald,Wonka Company,male,60
819,Linda Cunningham,Wonka Company,female,55
820,Walter Johnson,Wonka Company,male,44
821,Deborah Ryan,Wonka Company,female,35
822,Frankie Ortega,Wonka Company,female,54
823,Murray Chang,Wonka Company,,33
824,Janet Briggs,Wonka Company,,45
825,Karen Gilley,Wonka Company,female,35
826,Chris Gregory,Wonka Company,male,44
827,James Lubin,Wonka Company,male,54
828,Thomas Chary,Wonka Company,male,23
829,William Johnson,Wonka Company,male,50
830,Carlos Hernandez,Wonka Company,male,32
831,Dorothy Lawrence,Wonka Company,female,28
832,Richard Ware,Wonka Company,male,55
833,Natalie Miller,Wonka Company,,43
834,Carlos Lanier,Wonka Company,male,58
835,Phyllis Morse,Wonka Company,female,46
836,Edward Amsterdam,Wonka Company,male,36
837,Harold Uren,Wonka Company,male,50
838,Rosemary Kelly,Wonka Company,female,23
839,Ben Brummer,Wonka Company,male,55
840,John Vil,Wonka Company,,55
841,Suzanne Thomas,Wonka Company,,36
842,Lavinia Hankey,Wonka Company,female,32
843,Michael Dabbs,Wonka Company,male,29
844,Brian Morales,Wonka Company,male,56
845,Alex Branhan,Wonka Company,,49
846,Thomas Cagle,Wonka Company,male,42
847,Hillary Young,Wonka Company,,32
848,Patrick Henderson,Wonka Company,male,37
849,Lisa Castro,Wonka Company,female,25
850,Mike Williamson,Wonka Company,male,63
851,Jonathan Andrews,Wonka Company,,58
852,Kaitlyn Wood,Wonka Company,female,57
853,Fred Bergeson,Wonka Company,male,40
854,Eric Singleton,Wonka Company,,46
855,Brian Shevlin,Wonka Company,,61
856,Jake Rollo,Wonka Company,male,60
857,Tony Lilly,Wonka Company,,28
858,Helen Baker,Wonka Company,female,31
859,Reyna Nelson,Wonka Company,female,32
860,Trent Hughes,Wonka Company,male,33
861,Yu Edwards,Wonka Company,,47
862,Margaret Phillips,Wonka Company,,39
864,Helen Weidert,Wonka Company,,24
865,Gary Thurston,Wonka Company,male,49
866,Yvonne Ahmad,Wonka Company,female,46
867,John Rivera,Wonka Company,male,40
868,Eric Galioto,Wonka Company,male,37
869,Jose Bowen,Wonka Company,male,65
870,Rachel Garcia,Wonka Company,,25
871,Ruben Beezley,Wonka Company,male,21
872,Anthony Hunt,Wonka Company,,31
873,William Lindsey,Wonka Company,male,27
874,Nancy Gentry,Wonka Company,,30
875,John White,Wonka Company,male,61
876,John Harris,Wonka Company,male,22
877,Kevin Gay,Wonka Company,male,48
878,Eric Limbrick,Wonka Company,,42
879,Tyler Eddy,Wonka Company,male,65
880,Alejandro Hess,Wonka Company,male,61
881,Marlene Williams,Wonka Company,female,42
882,Kimberlee Knipper,Wonka Company,female,58
883,Laura Webb,Wonka Company,female,46
884,Linda Brown,Wonka Company,,58
885,Erma Smith,Acme Factory,female,28
886,Gregory Patterson,Acme Factory,,37
887,Candida Marrs,Acme Factory,female,46
888,James Ayala,Acme Factory,male,23
889,Leslie Smith,Acme Factory,,29
890,Tyler Jones,Acme Factory,male,58
891,Carolyn Caldwell,Acme Factory,female,31
892,Tanya Norman,Acme Factory,female,23
894,Ashley Miller,Acme Factory,female,24
895,Alex Fratta,Acme Factory,male,33
896,Josephine Sigmon,Acme Factory,female,50
897,Thomas Smith,Acme Factory,male,59
898,Edwin Miller,Acme Factory,male,29
899,Patricia Hardy,Acme Factory,,46
900,Darin Lopez,Acme Factory,male,35
901,Roderick Holloway,Acme Factory,,52
902,David Klein,Acme Factory,,38
903,George Mohn,Acme Factory,,44
904,Rebecca Beach,Acme Factory,,27
905,John Curtiss,Acme Factory,male,53
906,Mario Mendoza,Acme Factory,male,41
907,Daniel Capone,Acme Factory,,55
908,Mary Worley,Acme Factory,female,56
909,Dennis Shipley,Acme Factory,,23
910,William Anderson,Acme Factory,male,59
911,Eric Starkey,Acme Factory,male,47
912,Nicole Gray,Acme Factory,female,43
913,Elsa Wagner,Acme Factory,female,37
914,Jeffrey Ramage,Acme Factory,male,40
915,Beau Butler,Acme Factory,male,56
916,Clifford Gonzalez,Acme Factory,male,33
917,Claude Ramos,Acme Factory,male,46
918,Jennifer Gray,Acme Factory,female,24
919,Robert Luther,Acme Factory,male,52
920,Vincent Reyna,Acme Factory,male,65
921,Charlie Mccormack,Acme Factory,,33
922,Earl Collins,Acme Factory,male,31
923,Dorothy Palmer,Acme Factory,,55
924,Marie Witt,Acme Factory,female,45
925,Jessie Armstrong,Acme Factory,,64
926,Bertha Garcia,Acme Factory,female,28
927,Dolores Chambers,Acme Factory,female,55
928,Sonia Walsh,Acme Factory,female,24
929,Ann Pope,Acme Factory,female,37
930,Juan Steinberg,Acme Factory,male,39
931,Michael Whitmire,Acme Factory,male,56
932,Theresa Smith,Acme Factory,female,43
933,John Baker,Acme Factory,,40
934,Harvey Violette,Acme Factory,male,25
935,Santo Christ,Acme Factory,male,46
936,Mary Everts,Acme Factory,female,51
937,Marc Wiliams,Acme Factory,,32
938,Allison White,Acme Factory,,28
939,Timothy Taylor,Acme Factory,male,37
940,Ronald Sullivan,Acme Factory,,41
941,Wendy Ferguson,Acme Factory,female,57
942,Delia Rodriguez,Acme Factory,,26
943,Linda Hill,Acme Factory,,33
944,Carol Bogdan,Acme Factory,,33
945,Kirk Mccormick,Acme Factory,male,55
946,David Robinson,Acme Factory,,30
947,Beth Bloodsaw,Acme Factory,female,43
948,Phyllis Flynn,Acme Factory,female,36
949,Regan Edwards,Acme Factory,female,54
950,Ivan Henton,Acme Factory,male,32
951,Kathleen Glass,Acme Factory,female,35
952,Nathan Binder,Acme Factory,male,30
953,Jeffrey Sutton,Acme Factory,male,55
954,James Potts,Acme Factory,male,52
955,Tad Corry,Acme Factory,male,27
956,Clarence Gracely,Acme Factory,male,51
957,Charles Zoutte,Acme Factory,male,64
958,Glenn Jenkins,Acme Factory,male,51
959,Janice Hutchinson,Acme Factory,,64
960,Theresa Guttmann,Acme Factory,female,33
961,Howard Price,Acme Factory,male,34
962,Tiffany Behm,Acme Factory,female,46
963,Robert Taylor,Acme Factory,male,54
964,Ernest Bybee,Acme Factory,male,62
965,Gary Vasquez,Acme Factory,,36
966,Steven Armstrong,Acme Factory,male,54
967,Helen Castrellon,Acme Factory,,39
968,Martha Cole,Acme Factory,female,41
969,Christopher Marquez,Acme Factory,male,27
970,Juan Flood,Acme Factory,male,35
971,Mona Wilson,Acme Factory,female,58
972,Lisa Ward,Acme Factory,,32
973,Kathleen Fernandez,Acme Factory,female,64
974,Katina Filion,Acme Factory,female,50
975,Nancy Mondragon,Acme Factory,,27
976,Maria Peterson,Acme Factory,female,62
977,Suzanne Mancine,Acme Factory,,58
978,Melanie Mcquistion,Acme Factory,female,35
979,Joshua Hurdle,Acme Factory,male,42
980,Bill Cotton,Acme Factory,male,42
981,Mary Brumfield,Acme Factory,,30
982,Clarence Mcintosh,Acme Factory,male,57
984,George Yanez,Acme Factory,,29
985,Laura Ramirez,Acme Factory,female,42
986,Danny Ramos,Acme Factory,,64
987,Chris Dougherty,Acme Factory,,40
988,Tosha Hilton,Acme Factory,female,36
989,William Battey,Acme Factory,male,28
990,Lorriane Potts,Acme Factory,female,48
991,Daniel Kraham,Acme Factory,male,62
992,Claudia Liang,Acme Factory,female,27
993,Shirley Baldwin,Acme Factory,female,38
994,Marion Deleon,Acme Factory,female,26
995,John Parks,Acme Factory,,36
996,Thomas Yang,Acme Factory,,36
997,Shirley Rowles,Acme Factory,female,39
998,Betty Lindley,Acme Factory,,31
999,Robert Scroggs,Acme Factory,,44
1000,Adam Stanley,Acme Factory,,22
1001,Josephine Strasser,Acme Factory,female,21
1002,Nancy Kramer,Acme Factory,female,55
1003,Wanda Underwood,Acme Factory,female,38
1004,Carl Saiz,Acme Factory,,58
1005,Tara Moore,Acme Factory,female,54
1006,Gregory Dugas,Acme Factory,,33
1007,Shirley Barnhill,Acme Factory,female,51
1008,Eric Mcmaster,Acme Factory,,43
1009,Neil Tortora,Acme Factory,,38
1010,Donald Bennett,Acme Factory,male,61
1011,Bianca Tew,Acme Factory,,40
1012,Marvel Gill,Acme Factory,female,46
1013,Lydia Estrella,Acme Factory,female,31
1014,Rosie Perdue,Acme Factory,,41
1015,Daniel Spurlock,Acme Factory,,61
1016,Nola Harris,Acme Factory,female,54
1017,Duane Norton,Acme Factory,male,47
1018,Elke Cavallaro,Acme Factory,female,31
1019,Doris Irby,Acme Factory,female,31
1020,Trina Smith,Acme Factory,female,34
1021,Martha Calhoun,Acme Factory,female,58
1022,Earline Sherrod,Acme Factory,,22
1023,Robert Avila,Acme Factory,male,54
1024,Natalie Ackerley,Acme Factory,,34
1025,Steven Napier,Acme Factory,male,57
1026,Ted Bonneau,Acme Factory,male,44
1027,Myong Harris,Acme Factory,,45
1028,Jonathan Crawford,Acme Factory,male,59
1029,Steven Carlisle,Acme Factory,male,43
1030,Shaun Bell,Acme Factory,,36
1031,John Lynum,Acme Factory,,42
1032,Linda Clark,Acme Factory,,55
1033,Chad Treisch,Acme Factory,male,53
1034,Alton Jastrebski,Acme Factory,male,32
1035,Katherine Ruff,Acme Factory,,37
1036,Helen Hammond,Acme Factory,female,60
1037,Amanda Kohn,Acme Factory,female,40
1038,Alice Hernandez,Acme Factory,female,46
1039,Laura Jaynes,Acme Factory,female,44
1040,Jean Duke,Acme Factory,male,36
1041,Mike Casillas,Acme Factory,male,33
1042,Juan Pearson,Acme Factory,male,65
1043,Adrian Haight,Acme Factory,,41
1044,Adam Clasen,Acme Factory,male,27
1045,Ernesto Hall,Acme Factory,,40
1046,John Millner,Acme Factory,,49
1047,Jennifer Ferguson,Acme Factory,,55
1048,Grace Martin,Acme Factory,female,27
1049,Nannie Warren,Acme Factory,female,53
1050,Karen Kneeland,Acme Factory,,57
1051,Catalina Rosario,Acme Factory,female,57
1052,Francis Ferry,Acme Factory,,34
1053,Paul Hovermale,Acme Factory,male,46
1054,Leslie Rosas,Acme Factory,female,38
1055,Demarcus Vaughan,Acme Factory,,25
1056,Guy Love,Acme Factory,male,37
1057,Mark Harris,Acme Factory,male,50
1058,Charles Gibbons,Acme Factory,male,44
1059,Karla Guerrette,Acme Factory,,32
1060,Karen Hill,Acme Factory,,27
1061,Lisa Treadway,Acme Factory,female,31
1062,Gilbert Burroughs,Acme Factory,male,27
1063,Shirley Callahan,Acme Factory,,63
1064,Mark Brownfield,Acme Factory,male,63
1065,Casey Joos,Acme Factory,male,60
1066,Virginia Walker,Acme Factory,female,43
1067,Rosita Dorsch,Acme Factory,female,36
1068,Melissa Morrison,Acme Factory,female,61
1069,Luther Campbell,Acme Factory,male,49
1070,Darren Rice,Acme Factory,male,26
1071,Elizabeth Baker,Acme Factory,,59
1072,Glenna Ernst,Acme Factory,female,47
1073,Monika Lightner,Acme Factory,female,62
1074,Judy Dickie,Acme Factory,female,34
1075,Wesley Collins,Acme Factory,,23
1076,Camille Bosley,Acme Factory,female,47
1077,David Harwell,Acme Factory,,36
1078,Rashida Allan,Acme Factory,,55
1079,Hortensia Finch,Acme Factory,female,62
1080,Ramon Shoji,Acme Factory,male,53
1081,Albert Sparks,Acme Factory,male,58
1082,Jonathan Partlow,Acme Factory,male,37
1083,Christopher Mccormick,Acme Factory,,28
1084,Gregory Clay,Acme Factory,male,59
1085,Rose Snow,Acme Factory,female,23
1086,Jeffrey Duarte,Acme Factory,,32
1087,Sona Paolucci,Acme Factory,female,52
1088,Jack Gold,Acme Factory,male,24
1089,Forrest Kaufman,Acme Factory,,58
1090,Albert Colley,Acme Factory,,39
1091,Richard Mcdaries,Acme Factory,male,22
1092,Bryon Denton,Acme Factory,male,38
1093,Todd Morgan,Acme Factory,male,24
1094,Arlene Suk,Acme Factory,female,25
1095,Sam Donnelly,Acme Factory,male,26
1096,Rosemary Finnell,Acme Factory,female,29
1097,Mary Oldham,Acme Factory,,47
1098,Lyman Aguinaldo,Acme Factory,male,61
1099,Joseph Nitz,Acme Factory,male,36
1100,David Brooks,Acme Factory,,33
1101,Kristin Gaiser,Acme Factory,female,58
1102,Beverly Porter,Acme Factory,,27
1103,Bernice Baker,Acme Factory,female,23
1104,Juanita Palmer,Acme Factory,,42
1105,Cynthia Hambleton,Acme Factory,,45
1106,Dwight Hammers,Acme Factory,male,34
1107,Hildegard Gerlach,Acme Factory,female,40
1108,Jennifer Ferrer,Acme Factory,female,65
1109,Gregory Fiorini,Acme Factory,male,28
1110,Amy Thomas,Acme Factory,,27
1111,Agnes Allen,Acme Factory,female,61
1112,Troy Reader,Acme Factory,,40
1113,Travis Cordell,Acme Factory,male,44
1114,Sandra Wang,Acme Factory,female,50
1115,Naomi Varner,Acme Factory,female,58
1116,Henry Korczynski,Acme Factory,male,21
1117,Jonathan Ferguson,Acme Factory,,40
1118,Emanuel Ross,Acme Factory,male,47
1119,Brian Eckhardt,Acme Factory,,29
1120,Josephine Underwood,Acme Factory,female,56
1121,Carrie Weir,Acme Factory,female,43
1122,Kevin Summers,Acme Factory,male,43
1123,Heath Lapierre,Acme Factory,male,33
1124,Claude Hiatt,Acme Factory,male,24
1125,Rebecca Englert,Acme Factory,female,50
1126,Walter Bernat,Acme Factory,male,27
1127,Holly Payton,Acme Factory,female,46
1128,Winston Hogen,Acme Factory,,49
1129,Melvin Griggs,Acme Factory,male,48
1130,Steve Shoffner,Acme Factory,,48
1131,Aaron Dyson,Acme Factory,male,28
1132,Shannon Venegas,Acme Factory,female,38
1133,Brady Harris,Acme Factory,male,57
1134,Mary Benton,Acme Factory,,54
1135,Jessica Sancho,Acme Factory,female,38
1136,Brian Mack,Acme Factory,,64
1137,Jessica Christensen,Acme Factory,female,47
1138,Leonora Davis,Acme Factory,female,26
1139,Marcos Kirk,Acme Factory,male,34
1140,Nathan Robertson,Acme Factory,male,58
1141,Anthony Doggett,Acme Factory,male,28
1142,Larry Gonzales,Acme Factory,male,36
1143,Mary Goodenow,Acme Factory,,63
1144,Norbert Covington,Acme Factory,male,30
1145,Leonor Blanchard,Acme Factory,,39
1146,Cynthia Espinal,Umbrella LTDA,female,63
1147,Bradley Slaughter,Umbrella LTDA,male,33
1148,Laurel Rodriguez,Umbrella LTDA,female,45
1149,Troy Gates,Umbrella LTDA,male,59
1150,Ruth Cook,Umbrella LTDA,,27
1151,Kathy Le,Umbrella LTDA,female,29
1152,Daniel Swanger,Umbrella LTDA,male,31
1153,Joyce Holsten,Umbrella LTDA,female,42
1154,Amy Miller,Umbrella LTDA,female,28
1155,Megan Anderson,Umbrella LTDA,female,59
1156,Michael Mitchell,Umbrella LTDA,male,31
1157,Vilma Gehring,Umbrella LTDA,female,58
1158,Kristyn Vincent,Umbrella LTDA,female,39
1159,Crystal Fontaine,Umbrella LTDA,female,40
1160,Garth Alvarez,Umbrella LTDA,male,47
1161,Mildred Correa,Umbrella LTDA,female,47
1162,Donnie Taylor,Umbrella LTDA,male,36
1163,Robert Chalker,Umbrella LTDA,male,44
1164,John Brooks,Umbrella LTDA,male,39
1165,Shonna Humpherys,Umbrella LTDA,female,61
1166,John Watson,Umbrella LTDA,male,32
1167,Richard Kiani,Umbrella LTDA,male,21
1168,Myrtle Johnson,Umbrella LTDA,female,31
1169,Edward Jablonski,Umbrella LTDA,male,50
1170,William Henslee,Umbrella LTDA,male,62
1171,Nichelle Kercher,Umbrella LTDA,female,38
1172,Margaret Lee,Umbrella LTDA,female,21
1173,David Rave,Umbrella LTDA,,29
1174,Tamie Thompson,Umbrella LTDA,,26
1175,Dora Vaughn,Umbrella LTDA,,21
1176,Christopher Allred,Umbrella LTDA,male,31
1177,Brenda Faulk,Umbrella LTDA,female,59
1178,Matthew Sell,Umbrella LTDA,male,37
1179,Veronica Mcnear,Umbrella LTDA,female,43
1180,Jessica Walden,Umbrella LTDA,,28
1181,Melissa Livingston,Umbrella LTDA,,65
1182,Dorothy Woods,Umbrella LTDA,,60
1183,Robin Taylor,Umbrella LTDA,male,28
1184,Nathaniel Mcmillian,Umbrella LTDA,,39
1185,Andrew Neely,Umbrella LTDA,male,47
1186,Wilson Kellam,Umbrella LTDA,male,56
1187,Cody Foster,Umbrella LTDA,male,27
1188,Kim Firestine,Umbrella LTDA,,42
1189,Jame Weber,Umbrella LTDA,male,50
1190,Matthew Lewis,Umbrella LTDA,male,21
1191,Charles Plotkin,Umbrella LTDA,male,51
1192,Danny Henderson,Umbrella LTDA,male,32
1193,Charla Knickerbocker,Umbrella LTDA,,27
1194,Maria Jones,Umbrella LTDA,,33
1195,Sandra Newsome,Umbrella LTDA,female,35
1196,Kevin Averill,Umbrella LTDA,,27
1197,Maria Hawthorne,Umbrella LTDA,,58
1198,Donnie Ames,Umbrella LTDA,,57
1199,Michael Parker,Umbrella LTDA,,44
1200,Alicia Gilchrist,Umbrella LTDA,female,62
1201,Samuel Bejarano,Umbrella LTDA,male,36
1202,Lauren Saenz,Umbrella LTDA,,37
1203,Troy Stenberg,Umbrella LTDA,,53
1204,Andrew Gonzales,Umbrella LTDA,male,35
1205,Julee Ruper,Umbrella LTDA,female,36
1206,Richard Warren,Umbrella LTDA,male,64
1207,Robert Fulcher,Umbrella LTDA,male,25
1208,Kyle Jewell,Umbrella LTDA,male,42
1209,Raymond Lubin,Umbrella LTDA,,46
1210,Annette Uppencamp,Umbrella LTDA,,49
1211,Keely Richardson,Umbrella LTDA,female,31
1212,Frances Workman,Umbrella LTDA,female,39
1213,Cecil Bronson,Umbrella LTDA,,51
1214,Lydia Goff,Umbrella LTDA,female,28
1215,Zoe Ruiz,Umbrella LTDA,female,24
1216,Lois Robins,Umbrella LTDA,,42
1217,Paul Canter,Umbrella LTDA,,24
1218,Casey Bring,Umbrella LTDA,,65
1219,Brian Walker,Umbrella LTDA,male,26
1220,Valerie Miller,Umbrella LTDA,,36
1221,Clifton Phillips,Umbrella LTDA,male,33
1222,Steven Smith,Umbrella LTDA,male,64
1223,Victor Ahern,Umbrella LTDA,,40
1224,Brian Swigert,Umbrella LTDA,,55
1225,Danielle Williams,Umbrella LTDA,female,27
1226,Sandy Ayala,Umbrella LTDA,male,22
1227,Danny Pitpitan,Umbrella LTDA,male,35
1228,Jerry Warman,Umbrella LTDA,male,22
1229,Wilson Lawler,Umbrella LTDA,male,35
1230,Daniel Terry,Umbrella LTDA,male,32
1231,Clarence Carleton,Umbrella LTDA,male,53
1232,Christine Fuller,Umbrella LTDA,female,63
1233,Betty Amos,Umbrella LTDA,female,60
1234,Kayla Henkes,Umbrella LTDA,female,62
1235,Gary Catania,Umbrella LTDA,,65
1236,James Rose,Umbrella LTDA,,51
1237,Kathryn Allen,Umbrella LTDA,female,55
1238,Ina Cassidy,Umbrella LTDA,,26
1239,Vanessa Mckay,Umbrella LTDA,female,23
1240,Scott Evans,Umbrella LTDA,male,48
1241,Frances Anderson,Umbrella LTDA,female,62
1242,Theresa Bewick,Umbrella LTDA,,48
1243,Terri Mario,Umbrella LTDA,female,64
1244,Eddie Hofman,Umbrella LTDA,,57
1245,Sandra Fisher,Umbrella LTDA,female,39
1246,Lan Brown,Umbrella LTDA,,37
1247,Carol Wright,Umbrella LTDA,,36
1248,Mathew Marin,Umbrella LTDA,male,23
1249,Eleanor Washington,Umbrella LTDA,female,42
1250,Lisa Beaman,Umbrella LTDA,female,53
1251,Patrick Warfield,Umbrella LTDA,male,58
1252,Lyndon Germain,Umbrella LTDA,,47
1253,Sonia Mims,Umbrella LTDA,,26
1254,Lorraine Langston,Umbrella LTDA,female,59
1255,Addie Jones,Umbrella LTDA,female,37
1256,Francisco Sierra,Umbrella LTDA,male,28
1257,Andre Chambers,Umbrella LTDA,male,31
1258,Daniel Williams,Umbrella LTDA,male,32
1259,Stacia Ratcliff,Umbrella LTDA,,22
1260,Alfreda Robertson,Umbrella LTDA,,26
1261,Robert Fleming,Umbrella LTDA,,61
1262,Barbara Trejo,Umbrella LTDA,,31
1263,Susan Fassino,Umbrella LTDA,female,29
1264,George Herring,Umbrella LTDA,male,28
1265,Lisa Strickland,Umbrella LTDA,female,50
1266,Patricia Albino,Umbrella LTDA,female,58
1267,Robert Leek,Umbrella LTDA,male,44
1268,Kathleen Heller,Umbrella LTDA,female,46
1269,Debra Stubbs,Umbrella LTDA,female,60
1270,Christopher Wilkerson,Umbrella LTDA,,47
1271,Jessica Hoskins,Umbrella LTDA,female,61
1272,Deborah Keiser,Umbrella LTDA,female,61
1273,Mary Cline,Umbrella LTDA,female,36
1274,Charles Smalley,Umbrella LTDA,,26
1275,Randall Vanhoose,Umbrella LTDA,male,39
1276,David Mankey,Umbrella LTDA,male,49
1277,Paul Shields,Umbrella LTDA,male,37
1278,Wayne Williams,Umbrella LTDA,male,35
1279,Gary Clayton,Umbrella LTDA,,64
1280,John Simpson,Umbrella LTDA,,37
1281,Shirley Ortiz,Umbrella LTDA,female,63
1282,John Martindale,Umbrella LTDA,male,30
1283,Terrence Smith,Umbrella LTDA,,23
1284,June Chynoweth,Umbrella LTDA,female,47
1285,Bill Wright,Umbrella LTDA,male,37
1286,Beverly Campbell,Umbrella LTDA,female,64
1287,Lorene Mason,Umbrella LTDA,female,58
1288,Victor Amick,Umbrella LTDA,,22
1289,Shirley Oneal,Umbrella LTDA,female,24
1290,William Sabir,Umbrella LTDA,male,32
1291,Bonnie Miller,Umbrella LTDA,female,56
1292,Nicole Conroy,Umbrella LTDA,female,32
1293,Thomas Fennell,Umbrella LTDA,,56
1294,John Moroney,Umbrella LTDA,male,34
1295,Lauren Reynolds,Umbrella LTDA,female,46
1296,Julie Lefebvre,Umbrella LTDA,female,59
1297,Kathleen Griggs,Umbrella LTDA,female,49
1298,Lori Barbour,Umbrella LTDA,female,32
1299,Helen Meyer,Umbrella LTDA,,25
1300,Cynthia Noguera,Umbrella LTDA,female,30
1301,Joseph Turner,Umbrella LTDA,male,57
1302,Marilee Thompson,Umbrella LTDA,female,63
1303,Douglas Kreider,Umbrella LTDA,male,59
1304,Daniel Chobot,Umbrella LTDA,male,57
1305,Sandra Cutlip,Umbrella LTDA,female,51
1306,David Trost,Umbrella LTDA,male,40
1307,Carl Branch,Umbrella LTDA,male,56
1308,Yolanda Perry,Umbrella LTDA,female,25
1309,Tony Bishop,Umbrella LTDA,,22
1310,Billy Polly,Umbrella LTDA,male,46
1311,Timothy Boyce,Umbrella LTDA,male,65
1312,Matthew Eskridge,Umbrella LTDA,male,38
1313,Milton Thompson,Umbrella LTDA,male,61
1314,Janet Bufkin,Umbrella LTDA,female,43
1315,Annabel Loughran,Umbrella LTDA,female,23
1316,Joseph Colvin,Umbrella LTDA,male,50
1317,Goldie Pankratz,Umbrella LTDA,,45
1318,Harriette Roswick,Umbrella LTDA,,55
1319,Grace Walling,Umbrella LTDA,,51
1320,Trevor Robinson,Umbrella LTDA,male,26
1321,Cynthia Starkey,Umbrella LTDA,,59
1322,Irene Cavanaugh,Umbrella LTDA,,31
1323,Helen Warner,Umbrella LTDA,female,24
1324,Jason Fraser,Umbrella LTDA,,26
1325,Doris Wendt,Umbrella LTDA,female,51
1326,Phillip Sarni,Umbrella LTDA,male,60
1327,Joseph Mccoy,Umbrella LTDA,male,42
1328,Cheryl Avila,Umbrella LTDA,female,51
1329,Alva Johnson,Umbrella LTDA,male,59
1330,Laura Helle,Umbrella LTDA,,59
1331,Nathan Kyle,Umbrella LTDA,male,37
1332,Kimberly Jessica,Umbrella LTDA,female,37
1333,Misty Littlefield,Umbrella LTDA,female,21
1334,Tina Lancaster,Umbrella LTDA,female,60
1335,Albert Garroutte,Umbrella LTDA,male,23
1336,Kim Shores,Umbrella LTDA,female,40
1337,James Gimenez,Umbrella LTDA,male,28
1338,Viola Agosta,Umbrella LTDA,female,52
1339,Paul Rodriguez,Umbrella LTDA,male,35
